cluster,n_val,churn_rate_val_%,thr,f1_val,precision_val,recall_val,pos_rate_pred_val,how
0,7418,59.98921542194662,0.55,0.7172333623946527,0.6303422441682275,0.8319101123595506,0.7917228363440281,cluster_f1
1,2255,51.08647450110865,0.43,0.6538461538461539,0.5409090909090909,0.8263888888888888,0.7804878048780488,cluster_f1
2,3905,21.382842509603073,0.28,0.44142785319255906,0.3804159445407279,0.525748502994012,0.29551856594110115,cluster_f1
3,2822,57.33522324592487,0.5700000000000001,0.702534919813761,0.6040925266903915,0.8393077873918418,0.7965981573352232,cluster_f1
4,7610,30.420499342969777,0.27,0.5271534273349155,0.38943894389438943,0.8155507559395249,0.6370565045992116,cluster_f1
5,295,46.779661016949156,0.37,,,,,fallback_small_segment
6,3407,58.87877898444379,0.5,0.7233404710920771,0.634009009009009,0.8419740777666999,0.781919577340769,cluster_f1
